max_rpm,dampRateFullT,dampRateZero_CE,dampRateZero_CD,gearSwitchTime,clutchStrength,mass,dragCoeff,tireFric,dampRate,radius,maxBrakeTorque,SaftyDegree,TET,TIT,acc,TLCT,ALCJ,JerkAVG,yaw
5153.436,0.178,2.76,0.238,0.378,10,2162.57,0.251,2.233,0.278,33.57,1223.952,2.0559985,0.417,0.5,5.239,0.3,6.50511,18.44783,"[94.853, 94.831, 94.829, 94.829, 94.829, 94.829, 94.829, 94.829, 94.831, 94.83, 94.83, 94.83, 94.83, 94.83, 94.83, 94.83, 94.83, 94.832, 94.83, 94.815, 94.803, 94.744, 94.583, 94.384, 94.059, 93.69, 93.29, 92.796, 92.249, 91.608, 90.805, 90.044, 89.233, 88.725, 88.25, 87.399, 86.811, 86.055, 85.009, 84.144, 83.579, 83.27, 83.038, 82.888, 82.772, 82.722, 82.669, 82.645, 82.676, 82.786, 82.977, 83.473, 84.223, 84.61, 84.79, 84.846, 84.859, 84.993]"
4547.581,0.175,1.907,0.32,0.54,10.813,2211.33,0.346,2.366,0.219,35.5,1415.353,9.735301019,0,0,5.576,0.9,11.87212,9.62613,"[96.636, 95.567, 94.492, 93.393, 92.415, 91.181, 89.637, 88.375, 87.808, 87.688, 87.577, 87.218, 86.806, 86.407, 85.921, 85.688, 85.568, 85.547, 85.556, 85.586, 85.624, 85.685, 85.772, 85.848, 85.97, 86.06, 86.149, 86.346, 86.653, 87.01, 87.38, 87.831]"
5153.436,0.178,2.76,0.238,0.378,10.486,2162.57,0.251,2.233,0.278,33.57,1223.952,2.133583939,0.514,0.6,4.826,0.3,10.02968,22.18702,"[98.081, 98.081, 98.081, 98.081, 98.081, 98.081, 98.081, 98.081, 98.074, 98.071, 98.07, 98.07, 98.07, 98.07, 98.07, 98.07, 98.07, 98.07, 98.07, 98.07, 98.073, 98.073, 98.061, 98.047, 97.99, 97.867, 97.655, 97.384, 97.004, 96.56, 96.1, 95.601, 95.02, 94.364, 93.614, 92.722, 91.774, 90.74, 89.828, 89.151, 88.832, 88.71, 88.285, 87.35, 86.594, 86.075, 85.376, 84.737, 84.187, 83.853, 83.726, 83.594, 83.377, 83.173, 83.085, 83.027, 82.981, 82.966, 82.976, 83.122, 83.286, 83.628]"
5153.436,0.178,2.76,0.238,0.378,10,2075.813,0.251,2.233,0.278,33.57,1223.952,2.590532297,0.222,0.35,4.32,0.2,9.02765,38.28095,"[99.904, 99.904, 99.904, 99.911, 99.915, 99.914, 99.914, 99.914, 99.914, 99.914, 99.914, 99.914, 99.914, 99.914, 99.914, 99.914, 99.914, 99.914, 99.917, 99.917, 99.908, 99.893, 99.83, 99.713, 99.534, 99.241, 98.843, 98.319, 97.756, 97.144, 96.347, 95.461, 94.598, 93.878, 93.037, 92.124, 91.224, 90.032, 88.592, 87.28, 86.454, 85.876, 84.964, 84.051, 83.194, 82.776, 82.654, 82.551, 82.48, 82.46, 82.453, 82.459, 82.469, 82.596, 83.108, 83.978, 84.485, 84.754, 84.846, 84.909, 85.022, 85.172, 85.481]"
